impact_id,system_id,rule_ref,state,evidence_ids,reason,owner,proposed_action,proposed_due_date,approval_status,run_id,rule_id,rule_basis,applicability,control_status,resolution_need,linked_action_id,action_owner,required_reviewer,conclusion_scope
IMP-AI-001-L-50-1,AI-001,EU AI Act Art. 50(1) [binding],supported-no-impact,FACT-AI-001;RULE-L-50-1,"Draft reading for Legal review: Art. 50(1) places this duty on providers (""Providers shall ensure ...""). SYSTEMS records provider_role=no and POLICY records a licensed third-party supplier product that Quillhaven did not develop, commission or place on the market under its own name or trademark. The automation does not determine provider status; Legal confirms whether Quillhaven is the provider of this system. This row is not a finding that no transparency duty applies: the internal-policy rows for the same system are assessed separately.",Learner Operations,,,pending,RCIB-20261006T201200Z-c65d,L-50-1,binding-law,not-applicable-on-recorded-facts,,None for the system owner; Legal confirms or corrects the draft reading.,,,Legal,"Draft reading of the binding Article 50 text as of 2026-08-26 for AI-001 only. Actor role (provider/deployer), applicability and interpretation are for Legal to decide; not legal advice and not a compliance finding."
IMP-AI-001-L-50-2,AI-001,EU AI Act Art. 50(2) [binding],supported-no-impact,FACT-AI-001;RULE-L-50-2,"Draft reading for Legal review: Art. 50(2) places this duty on providers (""Providers shall ensure ...""). SYSTEMS records provider_role=no and POLICY records a licensed third-party supplier product that Quillhaven did not develop, commission or place on the market under its own name or trademark. The automation does not determine provider status; Legal confirms whether Quillhaven is the provider of this system. This row is not a finding that no transparency duty applies: the internal-policy rows for the same system are assessed separately.",Learner Operations,,,pending,RCIB-20261006T201200Z-c65d,L-50-2,binding-law,not-applicable-on-recorded-facts,,None for the system owner; Legal confirms or corrects the draft reading.,,,Legal,"Draft reading of the binding Article 50 text as of 2026-08-26 for AI-001 only. Actor role (provider/deployer), applicability and interpretation are for Legal to decide; not legal advice and not a compliance finding."
IMP-AI-001-L-50-3,AI-001,EU AI Act Art. 50(3) [binding],supported-no-impact,EXT-POLICY-BLK-3f8d8763;FACT-AI-001;RULE-L-50-3,POLICY states that the system does not perform emotion recognition or biometric categorisation.,Learner Operations,,,pending,RCIB-20261006T201200Z-c65d,L-50-3,binding-law,not-applicable-on-recorded-facts,,None for the system owner; Legal confirms or corrects the draft reading.,,,Legal,"Draft reading of the binding Article 50 text as of 2026-08-26 for AI-001 only. Actor role (provider/deployer), applicability and interpretation are for Legal to decide; not legal advice and not a compliance finding."
IMP-AI-001-L-50-4-DF,AI-001,EU AI Act Art. 50(4) first subpara. (deep fake) [binding],supported-no-impact,FACT-AI-001;RULE-L-50-4-DF,"Recorded output_type 'direct_interaction' is not generated image, audio or video.",Learner Operations,,,pending,RCIB-20261006T201200Z-c65d,L-50-4-DF,binding-law,not-applicable-on-recorded-facts,,None for the system owner; Legal confirms or corrects the draft reading.,,,Legal,"Draft reading of the binding Article 50 text as of 2026-08-26 for AI-001 only. Actor role (provider/deployer), applicability and interpretation are for Legal to decide; not legal advice and not a compliance finding."
IMP-AI-001-L-50-4-TXT,AI-001,EU AI Act Art. 50(4) second subpara. (public-interest text) [binding],supported-no-impact,FACT-AI-001;RULE-L-50-4-TXT,Recorded output_type 'direct_interaction' is not text published by the deployer.,Learner Operations,,,pending,RCIB-20261006T201200Z-c65d,L-50-4-TXT,binding-law,not-applicable-on-recorded-facts,,None for the system owner; Legal confirms or corrects the draft reading.,,,Legal,"Draft reading of the binding Article 50 text as of 2026-08-26 for AI-001 only. Actor role (provider/deployer), applicability and interpretation are for Legal to decide; not legal advice and not a compliance finding."
IMP-AI-001-POL-T1,AI-001,"AI-POL Learner and public transparency, bullet 1 (interaction notice) [internal policy]",supported-impact,EXT-EVIDENCE-REC-001;FACT-AI-001;POLCTL-POL-T1;REC-001,SYSTEMS records direct interaction with learners. Control evidenced (current_notice=yes) by REC-001 (complete): Notice screenshot and release record agree.,Learner Operations,,,pending,RCIB-20261006T201200Z-c65d,POL-T1,internal-policy,applies-on-recorded-facts,evidenced: current_notice=yes,None for the control; Legal confirms the draft reading.,,,Legal,Draft internal-policy reading as of 2026-08-26 for AI-001 only; Legal owns policy interpretation boundaries; not a compliance finding.
IMP-AI-001-POL-T2-PROV,AI-001,"AI-POL Learner and public transparency, bullet 2 (machine-readable provenance) [internal policy]",supported-no-impact,FACT-AI-001;POLCTL-POL-T2-PROV,"Not public synthetic media (output_type=direct_interaction, exposed_group=learners).",Learner Operations,,,pending,RCIB-20261006T201200Z-c65d,POL-T2-PROV,internal-policy,not-applicable-on-recorded-facts,,None for the system owner; Legal confirms or corrects the draft reading.,,,Legal,Draft internal-policy reading as of 2026-08-26 for AI-001 only; Legal owns policy interpretation boundaries; not a compliance finding.
IMP-AI-001-POL-T2-LABEL,AI-001,"AI-POL Learner and public transparency, bullet 2 (visible label unless Legal-approved exception) [internal policy]",supported-no-impact,FACT-AI-001;POLCTL-POL-T2-LABEL,"Not public synthetic media (output_type=direct_interaction, exposed_group=learners).",Learner Operations,,,pending,RCIB-20261006T201200Z-c65d,POL-T2-LABEL,internal-policy,not-applicable-on-recorded-facts,,None for the system owner; Legal confirms or corrects the draft reading.,,,Legal,Draft internal-policy reading as of 2026-08-26 for AI-001 only; Legal owns policy interpretation boundaries; not a compliance finding.
IMP-AI-001-POL-T3,AI-001,"AI-POL Learner and public transparency, bullet 3 (staff-only tool output route) [internal policy]",supported-no-impact,FACT-AI-001;POLCTL-POL-T3,Recorded output_type 'direct_interaction' is not a staff text-drafting tool.,Learner Operations,,,pending,RCIB-20261006T201200Z-c65d,POL-T3,internal-policy,not-applicable-on-recorded-facts,,None for the system owner; Legal confirms or corrects the draft reading.,,,Legal,Draft internal-policy reading as of 2026-08-26 for AI-001 only; Legal owns policy interpretation boundaries; not a compliance finding.
IMP-AI-002-L-50-1,AI-002,EU AI Act Art. 50(1) [binding],supported-no-impact,FACT-AI-002;RULE-L-50-1,Recorded output_type 'text' is not direct interaction.,Admissions,,,pending,RCIB-20261006T201200Z-c65d,L-50-1,binding-law,not-applicable-on-recorded-facts,,None for the system owner; Legal confirms or corrects the draft reading.,,,Legal,"Draft reading of the binding Article 50 text as of 2026-08-26 for AI-002 only. Actor role (provider/deployer), applicability and interpretation are for Legal to decide; not legal advice and not a compliance finding."
IMP-AI-002-L-50-2,AI-002,EU AI Act Art. 50(2) [binding],supported-no-impact,FACT-AI-002;RULE-L-50-2,"Draft reading for Legal review: Art. 50(2) places this duty on providers (""Providers shall ensure ...""). SYSTEMS records provider_role=no and POLICY records a licensed third-party supplier product that Quillhaven did not develop, commission or place on the market under its own name or trademark. The automation does not determine provider status; Legal confirms whether Quillhaven is the provider of this system. This row is not a finding that no transparency duty applies: the internal-policy rows for the same system are assessed separately.",Admissions,,,pending,RCIB-20261006T201200Z-c65d,L-50-2,binding-law,not-applicable-on-recorded-facts,,None for the system owner; Legal confirms or corrects the draft reading.,,,Legal,"Draft reading of the binding Article 50 text as of 2026-08-26 for AI-002 only. Actor role (provider/deployer), applicability and interpretation are for Legal to decide; not legal advice and not a compliance finding."
IMP-AI-002-L-50-3,AI-002,EU AI Act Art. 50(3) [binding],supported-no-impact,FACT-AI-002;RULE-L-50-3,Recorded function is 'text'; no source records emotion recognition or biometric categorisation.,Admissions,,,pending,RCIB-20261006T201200Z-c65d,L-50-3,binding-law,not-applicable-on-recorded-facts,,None for the system owner; Legal confirms or corrects the draft reading.,,,Legal,"Draft reading of the binding Article 50 text as of 2026-08-26 for AI-002 only. Actor role (provider/deployer), applicability and interpretation are for Legal to decide; not legal advice and not a compliance finding."
IMP-AI-002-L-50-4-DF,AI-002,EU AI Act Art. 50(4) first subpara. (deep fake) [binding],supported-no-impact,FACT-AI-002;RULE-L-50-4-DF,"Recorded output_type 'text' is not generated image, audio or video.",Admissions,,,pending,RCIB-20261006T201200Z-c65d,L-50-4-DF,binding-law,not-applicable-on-recorded-facts,,None for the system owner; Legal confirms or corrects the draft reading.,,,Legal,"Draft reading of the binding Article 50 text as of 2026-08-26 for AI-002 only. Actor role (provider/deployer), applicability and interpretation are for Legal to decide; not legal advice and not a compliance finding."
IMP-AI-002-L-50-4-TXT,AI-002,EU AI Act Art. 50(4) second subpara. (public-interest text) [binding],supported-no-impact,EXT-POLICY-BLK-03ec4cd9;FACT-AI-002;RULE-L-50-4-TXT,POLICY records that the generated text is not published to inform the public on matters of public interest.,Admissions,,,pending,RCIB-20261006T201200Z-c65d,L-50-4-TXT,binding-law,not-applicable-on-recorded-facts,,None for the system owner; Legal confirms or corrects the draft reading.,,,Legal,"Draft reading of the binding Article 50 text as of 2026-08-26 for AI-002 only. Actor role (provider/deployer), applicability and interpretation are for Legal to decide; not legal advice and not a compliance finding."
IMP-AI-002-POL-T1,AI-002,"AI-POL Learner and public transparency, bullet 1 (interaction notice) [internal policy]",supported-no-impact,EXT-POLICY-BLK-03ec4cd9;FACT-AI-002;POLCTL-POL-T1,POLICY records that the people concerned do not interact directly with the AI product.,Admissions,,,pending,RCIB-20261006T201200Z-c65d,POL-T1,internal-policy,not-applicable-on-recorded-facts,,None for the system owner; Legal confirms or corrects the draft reading.,,,Legal,Draft internal-policy reading as of 2026-08-26 for AI-002 only; Legal owns policy interpretation boundaries; not a compliance finding.
IMP-AI-002-POL-T2-PROV,AI-002,"AI-POL Learner and public transparency, bullet 2 (machine-readable provenance) [internal policy]",supported-no-impact,FACT-AI-002;POLCTL-POL-T2-PROV,"Not public synthetic media (output_type=text, exposed_group=applicants).",Admissions,,,pending,RCIB-20261006T201200Z-c65d,POL-T2-PROV,internal-policy,not-applicable-on-recorded-facts,,None for the system owner; Legal confirms or corrects the draft reading.,,,Legal,Draft internal-policy reading as of 2026-08-26 for AI-002 only; Legal owns policy interpretation boundaries; not a compliance finding.
IMP-AI-002-POL-T2-LABEL,AI-002,"AI-POL Learner and public transparency, bullet 2 (visible label unless Legal-approved exception) [internal policy]",supported-no-impact,FACT-AI-002;POLCTL-POL-T2-LABEL,"Not public synthetic media (output_type=text, exposed_group=applicants).",Admissions,,,pending,RCIB-20261006T201200Z-c65d,POL-T2-LABEL,internal-policy,not-applicable-on-recorded-facts,,None for the system owner; Legal confirms or corrects the draft reading.,,,Legal,Draft internal-policy reading as of 2026-08-26 for AI-002 only; Legal owns policy interpretation boundaries; not a compliance finding.
IMP-AI-002-POL-T3,AI-002,"AI-POL Learner and public transparency, bullet 3 (staff-only tool output route) [internal policy]",unresolved,EXT-EVIDENCE-REC-002;FACT-AI-002;GAP-REC-002;POLCTL-POL-T3;REC-002,SYSTEMS records a text-generation tool used by staff (exposed group applicants). Evidence for this rule is incomplete: REC-002 (missing): No evidence that recipients are told when generated text is used.,Admissions,ACT-003: Confirm recipient disclosure practice,2026-09-08,pending,RCIB-20261006T201200Z-c65d,POL-T3,internal-policy,applies-on-recorded-facts,evidence missing,"Admissions supplies current, complete evidence.",ACT-003,Admissions,Legal,Draft internal-policy reading as of 2026-08-26 for AI-002 only; Legal owns policy interpretation boundaries; not a compliance finding.
IMP-AI-003-L-50-1,AI-003,EU AI Act Art. 50(1) [binding],supported-no-impact,FACT-AI-003;RULE-L-50-1,Recorded output_type 'synthetic_image' is not direct interaction.,Communications,,,pending,RCIB-20261006T201200Z-c65d,L-50-1,binding-law,not-applicable-on-recorded-facts,,None for the system owner; Legal confirms or corrects the draft reading.,,,Legal,"Draft reading of the binding Article 50 text as of 2026-08-26 for AI-003 only. Actor role (provider/deployer), applicability and interpretation are for Legal to decide; not legal advice and not a compliance finding."
IMP-AI-003-L-50-2,AI-003,EU AI Act Art. 50(2) [binding],supported-no-impact,FACT-AI-003;RULE-L-50-2,"Draft reading for Legal review: Art. 50(2) places this duty on providers (""Providers shall ensure ...""). SYSTEMS records provider_role=no and POLICY records a licensed third-party supplier product that Quillhaven did not develop, commission or place on the market under its own name or trademark. The automation does not determine provider status; Legal confirms whether Quillhaven is the provider of this system. This row is not a finding that no transparency duty applies: the internal-policy rows for the same system are assessed separately.",Communications,,,pending,RCIB-20261006T201200Z-c65d,L-50-2,binding-law,not-applicable-on-recorded-facts,,None for the system owner; Legal confirms or corrects the draft reading.,,,Legal,"Draft reading of the binding Article 50 text as of 2026-08-26 for AI-003 only. Actor role (provider/deployer), applicability and interpretation are for Legal to decide; not legal advice and not a compliance finding."
IMP-AI-003-L-50-3,AI-003,EU AI Act Art. 50(3) [binding],supported-no-impact,FACT-AI-003;RULE-L-50-3,Recorded function is 'synthetic_image'; no source records emotion recognition or biometric categorisation.,Communications,,,pending,RCIB-20261006T201200Z-c65d,L-50-3,binding-law,not-applicable-on-recorded-facts,,None for the system owner; Legal confirms or corrects the draft reading.,,,Legal,"Draft reading of the binding Article 50 text as of 2026-08-26 for AI-003 only. Actor role (provider/deployer), applicability and interpretation are for Legal to decide; not legal advice and not a compliance finding."
IMP-AI-003-L-50-4-DF,AI-003,EU AI Act Art. 50(4) first subpara. (deep fake) [binding],supported-no-impact,EXT-POLICY-BLK-de175065;FACT-AI-003;RULE-L-50-4-DF,"POLICY records that the generated media does not depict existing persons, places, objects or events presented as authentic.",Communications,,,pending,RCIB-20261006T201200Z-c65d,L-50-4-DF,binding-law,not-applicable-on-recorded-facts,,None for the system owner; Legal confirms or corrects the draft reading.,,,Legal,"Draft reading of the binding Article 50 text as of 2026-08-26 for AI-003 only. Actor role (provider/deployer), applicability and interpretation are for Legal to decide; not legal advice and not a compliance finding."
IMP-AI-003-L-50-4-TXT,AI-003,EU AI Act Art. 50(4) second subpara. (public-interest text) [binding],supported-no-impact,FACT-AI-003;RULE-L-50-4-TXT,Recorded output_type 'synthetic_image' is not text published by the deployer.,Communications,,,pending,RCIB-20261006T201200Z-c65d,L-50-4-TXT,binding-law,not-applicable-on-recorded-facts,,None for the system owner; Legal confirms or corrects the draft reading.,,,Legal,"Draft reading of the binding Article 50 text as of 2026-08-26 for AI-003 only. Actor role (provider/deployer), applicability and interpretation are for Legal to decide; not legal advice and not a compliance finding."
IMP-AI-003-POL-T1,AI-003,"AI-POL Learner and public transparency, bullet 1 (interaction notice) [internal policy]",supported-no-impact,FACT-AI-003;POLCTL-POL-T1,Recorded output_type 'synthetic_image' is not direct interaction.,Communications,,,pending,RCIB-20261006T201200Z-c65d,POL-T1,internal-policy,not-applicable-on-recorded-facts,,None for the system owner; Legal confirms or corrects the draft reading.,,,Legal,Draft internal-policy reading as of 2026-08-26 for AI-003 only; Legal owns policy interpretation boundaries; not a compliance finding.
IMP-AI-003-POL-T2-PROV,AI-003,"AI-POL Learner and public transparency, bullet 2 (machine-readable provenance) [internal policy]",conflicting,CONF-REC-003;EXT-EVIDENCE-REC-003;FACT-AI-003;POLCTL-POL-T2-PROV;REC-003,"SYSTEMS records public synthetic media (synthetic_image, exposed_group=public). Evidence for this rule conflicts (D-001): REC-003 (conflicting): Visible label exists but exported platform copy may have lost metadata [record also names visible-label-disclosure; its single recorded state is applied to each rule it names and is not split by the automation]. Both facts are preserved; the item remains unresolved pending system-owner verification and is not decided by the automation.",Communications,ACT-004: Verify machine-readable provenance after publishing,2026-09-10,pending,RCIB-20261006T201200Z-c65d,POL-T2-PROV,internal-policy,applies-on-recorded-facts,contested,System owner (Communications) verifies the contested fact using social-post-884 and updates EVIDENCE/SYSTEMS.,ACT-004,Communications,Operations,Draft internal-policy reading as of 2026-08-26 for AI-003 only; Legal owns policy interpretation boundaries; not a compliance finding.
IMP-AI-003-POL-T2-LABEL,AI-003,"AI-POL Learner and public transparency, bullet 2 (visible label unless Legal-approved exception) [internal policy]",conflicting,CONF-REC-003;EXT-EVIDENCE-REC-003;FACT-AI-003;POLCTL-POL-T2-LABEL;REC-003,"SYSTEMS records public synthetic media (synthetic_image, exposed_group=public). Evidence for this rule conflicts (D-001): REC-003 (conflicting): Visible label exists but exported platform copy may have lost metadata [record also names provenance-marking; its single recorded state is applied to each rule it names and is not split by the automation]. Both facts are preserved; the item remains unresolved pending system-owner verification and is not decided by the automation.",Communications,ACT-004: Verify machine-readable provenance after publishing,2026-09-10,pending,RCIB-20261006T201200Z-c65d,POL-T2-LABEL,internal-policy,applies-on-recorded-facts,contested,System owner (Communications) verifies the contested fact using social-post-884 and updates EVIDENCE/SYSTEMS.,ACT-004,Communications,Operations,Draft internal-policy reading as of 2026-08-26 for AI-003 only; Legal owns policy interpretation boundaries; not a compliance finding.
IMP-AI-003-POL-T3,AI-003,"AI-POL Learner and public transparency, bullet 3 (staff-only tool output route) [internal policy]",supported-no-impact,FACT-AI-003;POLCTL-POL-T3,Recorded output_type 'synthetic_image' is not a staff text-drafting tool.,Communications,,,pending,RCIB-20261006T201200Z-c65d,POL-T3,internal-policy,not-applicable-on-recorded-facts,,None for the system owner; Legal confirms or corrects the draft reading.,,,Legal,Draft internal-policy reading as of 2026-08-26 for AI-003 only; Legal owns policy interpretation boundaries; not a compliance finding.
IMP-AI-004-L-50-1,AI-004,EU AI Act Art. 50(1) [binding],supported-no-impact,FACT-AI-004;RULE-L-50-1,"Draft reading for Legal review: Art. 50(1) places this duty on providers (""Providers shall ensure ...""). SYSTEMS records provider_role=no and POLICY records a licensed third-party supplier product that Quillhaven did not develop, commission or place on the market under its own name or trademark. The automation does not determine provider status; Legal confirms whether Quillhaven is the provider of this system. This row is not a finding that no transparency duty applies: the internal-policy rows for the same system are assessed separately.",Learning Experience,,,pending,RCIB-20261006T201200Z-c65d,L-50-1,binding-law,not-applicable-on-recorded-facts,,None for the system owner; Legal confirms or corrects the draft reading.,,,Legal,"Draft reading of the binding Article 50 text as of 2026-08-26 for AI-004 only. Actor role (provider/deployer), applicability and interpretation are for Legal to decide; not legal advice and not a compliance finding."
IMP-AI-004-L-50-2,AI-004,EU AI Act Art. 50(2) [binding],supported-no-impact,FACT-AI-004;RULE-L-50-2,"Draft reading for Legal review: Art. 50(2) places this duty on providers (""Providers shall ensure ...""). SYSTEMS records provider_role=no and POLICY records a licensed third-party supplier product that Quillhaven did not develop, commission or place on the market under its own name or trademark. The automation does not determine provider status; Legal confirms whether Quillhaven is the provider of this system. This row is not a finding that no transparency duty applies: the internal-policy rows for the same system are assessed separately.",Learning Experience,,,pending,RCIB-20261006T201200Z-c65d,L-50-2,binding-law,not-applicable-on-recorded-facts,,None for the system owner; Legal confirms or corrects the draft reading.,,,Legal,"Draft reading of the binding Article 50 text as of 2026-08-26 for AI-004 only. Actor role (provider/deployer), applicability and interpretation are for Legal to decide; not legal advice and not a compliance finding."
IMP-AI-004-L-50-3,AI-004,EU AI Act Art. 50(3) [binding],supported-no-impact,EXT-POLICY-BLK-2aacbbf1;FACT-AI-004;RULE-L-50-3,POLICY states that the system does not perform emotion recognition or biometric categorisation.,Learning Experience,,,pending,RCIB-20261006T201200Z-c65d,L-50-3,binding-law,not-applicable-on-recorded-facts,,None for the system owner; Legal confirms or corrects the draft reading.,,,Legal,"Draft reading of the binding Article 50 text as of 2026-08-26 for AI-004 only. Actor role (provider/deployer), applicability and interpretation are for Legal to decide; not legal advice and not a compliance finding."
IMP-AI-004-L-50-4-DF,AI-004,EU AI Act Art. 50(4) first subpara. (deep fake) [binding],supported-no-impact,FACT-AI-004;RULE-L-50-4-DF,"Recorded output_type 'direct_interaction' is not generated image, audio or video.",Learning Experience,,,pending,RCIB-20261006T201200Z-c65d,L-50-4-DF,binding-law,not-applicable-on-recorded-facts,,None for the system owner; Legal confirms or corrects the draft reading.,,,Legal,"Draft reading of the binding Article 50 text as of 2026-08-26 for AI-004 only. Actor role (provider/deployer), applicability and interpretation are for Legal to decide; not legal advice and not a compliance finding."
IMP-AI-004-L-50-4-TXT,AI-004,EU AI Act Art. 50(4) second subpara. (public-interest text) [binding],supported-no-impact,FACT-AI-004;RULE-L-50-4-TXT,Recorded output_type 'direct_interaction' is not text published by the deployer.,Learning Experience,,,pending,RCIB-20261006T201200Z-c65d,L-50-4-TXT,binding-law,not-applicable-on-recorded-facts,,None for the system owner; Legal confirms or corrects the draft reading.,,,Legal,"Draft reading of the binding Article 50 text as of 2026-08-26 for AI-004 only. Actor role (provider/deployer), applicability and interpretation are for Legal to decide; not legal advice and not a compliance finding."
IMP-AI-004-POL-T1,AI-004,"AI-POL Learner and public transparency, bullet 1 (interaction notice) [internal policy]",supported-impact,EXT-EVIDENCE-REC-004;FACT-AI-004;POLCTL-POL-T1;REC-004,"SYSTEMS records direct interaction with learners. Control gap recorded: current_notice=no, consistent with REC-004 (complete): First interaction contains no AI notice.",Learning Experience,ACT-001: Add and verify first-interaction AI notice,2026-09-04,pending,RCIB-20261006T201200Z-c65d,POL-T1,internal-policy,applies-on-recorded-facts,gap: current_notice=no,Learning Experience closes the recorded control gap; Operations approves activation and dates.,ACT-001,Learning Experience,Operations,Draft internal-policy reading as of 2026-08-26 for AI-004 only; Legal owns policy interpretation boundaries; not a compliance finding.
IMP-AI-004-POL-T2-PROV,AI-004,"AI-POL Learner and public transparency, bullet 2 (machine-readable provenance) [internal policy]",supported-no-impact,FACT-AI-004;POLCTL-POL-T2-PROV,"Not public synthetic media (output_type=direct_interaction, exposed_group=learners).",Learning Experience,,,pending,RCIB-20261006T201200Z-c65d,POL-T2-PROV,internal-policy,not-applicable-on-recorded-facts,,None for the system owner; Legal confirms or corrects the draft reading.,,,Legal,Draft internal-policy reading as of 2026-08-26 for AI-004 only; Legal owns policy interpretation boundaries; not a compliance finding.
IMP-AI-004-POL-T2-LABEL,AI-004,"AI-POL Learner and public transparency, bullet 2 (visible label unless Legal-approved exception) [internal policy]",supported-no-impact,FACT-AI-004;POLCTL-POL-T2-LABEL,"Not public synthetic media (output_type=direct_interaction, exposed_group=learners).",Learning Experience,,,pending,RCIB-20261006T201200Z-c65d,POL-T2-LABEL,internal-policy,not-applicable-on-recorded-facts,,None for the system owner; Legal confirms or corrects the draft reading.,,,Legal,Draft internal-policy reading as of 2026-08-26 for AI-004 only; Legal owns policy interpretation boundaries; not a compliance finding.
IMP-AI-004-POL-T3,AI-004,"AI-POL Learner and public transparency, bullet 3 (staff-only tool output route) [internal policy]",supported-no-impact,FACT-AI-004;POLCTL-POL-T3,Recorded output_type 'direct_interaction' is not a staff text-drafting tool.,Learning Experience,,,pending,RCIB-20261006T201200Z-c65d,POL-T3,internal-policy,not-applicable-on-recorded-facts,,None for the system owner; Legal confirms or corrects the draft reading.,,,Legal,Draft internal-policy reading as of 2026-08-26 for AI-004 only; Legal owns policy interpretation boundaries; not a compliance finding.
IMP-AI-005-L-50-1,AI-005,EU AI Act Art. 50(1) [binding],unresolved,FACT-AI-005;GAP-AI-005-REGISTER-STALE;GAP-REC-005;RULE-L-50-1,"The SYSTEMS register entry for AI-005 is stale (evidence_updated_at 2026-04-15), so the applicability facts used for every rule are stale; no conclusion is drawn from stale facts. Stale record(s): REC-005 (stale): Provider role questionnaire predates the current release.",Assessment Operations,ACT-005: Refresh provider-role and release evidence,2026-09-12,pending,RCIB-20261006T201200Z-c65d,L-50-1,binding-law,unknown,,Assessment Operations refreshes the register entry and evidence.,ACT-005,Assessment Operations,Legal,"Draft reading of the binding Article 50 text as of 2026-08-26 for AI-005 only. Actor role (provider/deployer), applicability and interpretation are for Legal to decide; not legal advice and not a compliance finding."
IMP-AI-005-L-50-2,AI-005,EU AI Act Art. 50(2) [binding],unresolved,FACT-AI-005;GAP-AI-005-REGISTER-STALE;GAP-REC-005;RULE-L-50-2,"The SYSTEMS register entry for AI-005 is stale (evidence_updated_at 2026-04-15), so the applicability facts used for every rule are stale; no conclusion is drawn from stale facts. Stale record(s): REC-005 (stale): Provider role questionnaire predates the current release.",Assessment Operations,ACT-005: Refresh provider-role and release evidence,2026-09-12,pending,RCIB-20261006T201200Z-c65d,L-50-2,binding-law,unknown,,Assessment Operations refreshes the register entry and evidence.,ACT-005,Assessment Operations,Legal,"Draft reading of the binding Article 50 text as of 2026-08-26 for AI-005 only. Actor role (provider/deployer), applicability and interpretation are for Legal to decide; not legal advice and not a compliance finding."
IMP-AI-005-L-50-3,AI-005,EU AI Act Art. 50(3) [binding],unresolved,FACT-AI-005;GAP-AI-005-REGISTER-STALE;GAP-REC-005;RULE-L-50-3,"The SYSTEMS register entry for AI-005 is stale (evidence_updated_at 2026-04-15), so the applicability facts used for every rule are stale; no conclusion is drawn from stale facts. Stale record(s): REC-005 (stale): Provider role questionnaire predates the current release [record also names provider-role; its single recorded state is applied to each rule it names and is not split by the automation].",Assessment Operations,ACT-005: Refresh provider-role and release evidence,2026-09-12,pending,RCIB-20261006T201200Z-c65d,L-50-3,binding-law,unknown,,Assessment Operations refreshes the register entry and evidence.,ACT-005,Assessment Operations,Legal,"Draft reading of the binding Article 50 text as of 2026-08-26 for AI-005 only. Actor role (provider/deployer), applicability and interpretation are for Legal to decide; not legal advice and not a compliance finding."
IMP-AI-005-L-50-4-DF,AI-005,EU AI Act Art. 50(4) first subpara. (deep fake) [binding],unresolved,FACT-AI-005;GAP-AI-005-REGISTER-STALE;GAP-REC-005;RULE-L-50-4-DF,"The SYSTEMS register entry for AI-005 is stale (evidence_updated_at 2026-04-15), so the applicability facts used for every rule are stale; no conclusion is drawn from stale facts. Stale record(s): REC-005 (stale): Provider role questionnaire predates the current release [record also names provider-role; its single recorded state is applied to each rule it names and is not split by the automation].",Assessment Operations,ACT-005: Refresh provider-role and release evidence,2026-09-12,pending,RCIB-20261006T201200Z-c65d,L-50-4-DF,binding-law,unknown,,Assessment Operations refreshes the register entry and evidence.,ACT-005,Assessment Operations,Legal,"Draft reading of the binding Article 50 text as of 2026-08-26 for AI-005 only. Actor role (provider/deployer), applicability and interpretation are for Legal to decide; not legal advice and not a compliance finding."
IMP-AI-005-L-50-4-TXT,AI-005,EU AI Act Art. 50(4) second subpara. (public-interest text) [binding],unresolved,FACT-AI-005;GAP-AI-005-REGISTER-STALE;GAP-REC-005;RULE-L-50-4-TXT,"The SYSTEMS register entry for AI-005 is stale (evidence_updated_at 2026-04-15), so the applicability facts used for every rule are stale; no conclusion is drawn from stale facts. Stale record(s): REC-005 (stale): Provider role questionnaire predates the current release [record also names provider-role; its single recorded state is applied to each rule it names and is not split by the automation].",Assessment Operations,ACT-005: Refresh provider-role and release evidence,2026-09-12,pending,RCIB-20261006T201200Z-c65d,L-50-4-TXT,binding-law,unknown,,Assessment Operations refreshes the register entry and evidence.,ACT-005,Assessment Operations,Legal,"Draft reading of the binding Article 50 text as of 2026-08-26 for AI-005 only. Actor role (provider/deployer), applicability and interpretation are for Legal to decide; not legal advice and not a compliance finding."
IMP-AI-005-POL-T1,AI-005,"AI-POL Learner and public transparency, bullet 1 (interaction notice) [internal policy]",unresolved,FACT-AI-005;GAP-AI-005-REGISTER-STALE;GAP-REC-005;POLCTL-POL-T1,"The SYSTEMS register entry for AI-005 is stale (evidence_updated_at 2026-04-15), so the applicability facts used for every rule are stale; no conclusion is drawn from stale facts. Stale record(s): REC-005 (stale): Provider role questionnaire predates the current release [record also names provider-role; its single recorded state is applied to each rule it names and is not split by the automation].",Assessment Operations,ACT-005: Refresh provider-role and release evidence,2026-09-12,pending,RCIB-20261006T201200Z-c65d,POL-T1,internal-policy,unknown,,Assessment Operations refreshes the register entry and evidence.,ACT-005,Assessment Operations,Legal,Draft internal-policy reading as of 2026-08-26 for AI-005 only; Legal owns policy interpretation boundaries; not a compliance finding.
IMP-AI-005-POL-T2-PROV,AI-005,"AI-POL Learner and public transparency, bullet 2 (machine-readable provenance) [internal policy]",unresolved,FACT-AI-005;GAP-AI-005-REGISTER-STALE;GAP-REC-005;POLCTL-POL-T2-PROV,"The SYSTEMS register entry for AI-005 is stale (evidence_updated_at 2026-04-15), so the applicability facts used for every rule are stale; no conclusion is drawn from stale facts. Stale record(s): REC-005 (stale): Provider role questionnaire predates the current release [record also names provider-role; its single recorded state is applied to each rule it names and is not split by the automation].",Assessment Operations,ACT-005: Refresh provider-role and release evidence,2026-09-12,pending,RCIB-20261006T201200Z-c65d,POL-T2-PROV,internal-policy,unknown,,Assessment Operations refreshes the register entry and evidence.,ACT-005,Assessment Operations,Legal,Draft internal-policy reading as of 2026-08-26 for AI-005 only; Legal owns policy interpretation boundaries; not a compliance finding.
IMP-AI-005-POL-T2-LABEL,AI-005,"AI-POL Learner and public transparency, bullet 2 (visible label unless Legal-approved exception) [internal policy]",unresolved,FACT-AI-005;GAP-AI-005-REGISTER-STALE;GAP-REC-005;POLCTL-POL-T2-LABEL,"The SYSTEMS register entry for AI-005 is stale (evidence_updated_at 2026-04-15), so the applicability facts used for every rule are stale; no conclusion is drawn from stale facts. Stale record(s): REC-005 (stale): Provider role questionnaire predates the current release [record also names provider-role; its single recorded state is applied to each rule it names and is not split by the automation].",Assessment Operations,ACT-005: Refresh provider-role and release evidence,2026-09-12,pending,RCIB-20261006T201200Z-c65d,POL-T2-LABEL,internal-policy,unknown,,Assessment Operations refreshes the register entry and evidence.,ACT-005,Assessment Operations,Legal,Draft internal-policy reading as of 2026-08-26 for AI-005 only; Legal owns policy interpretation boundaries; not a compliance finding.
IMP-AI-005-POL-T3,AI-005,"AI-POL Learner and public transparency, bullet 3 (staff-only tool output route) [internal policy]",unresolved,FACT-AI-005;GAP-AI-005-REGISTER-STALE;GAP-REC-005;POLCTL-POL-T3,"The SYSTEMS register entry for AI-005 is stale (evidence_updated_at 2026-04-15), so the applicability facts used for every rule are stale; no conclusion is drawn from stale facts. Stale record(s): REC-005 (stale): Provider role questionnaire predates the current release [record also names provider-role; its single recorded state is applied to each rule it names and is not split by the automation].",Assessment Operations,ACT-005: Refresh provider-role and release evidence,2026-09-12,pending,RCIB-20261006T201200Z-c65d,POL-T3,internal-policy,unknown,,Assessment Operations refreshes the register entry and evidence.,ACT-005,Assessment Operations,Legal,Draft internal-policy reading as of 2026-08-26 for AI-005 only; Legal owns policy interpretation boundaries; not a compliance finding.
IMP-AI-006-L-50-1,AI-006,EU AI Act Art. 50(1) [binding],supported-no-impact,FACT-AI-006;RULE-L-50-1,Recorded output_type 'text' is not direct interaction.,People Operations,,,pending,RCIB-20261006T201200Z-c65d,L-50-1,binding-law,not-applicable-on-recorded-facts,,None for the system owner; Legal confirms or corrects the draft reading.,,,Legal,"Draft reading of the binding Article 50 text as of 2026-08-26 for AI-006 only. Actor role (provider/deployer), applicability and interpretation are for Legal to decide; not legal advice and not a compliance finding."
IMP-AI-006-L-50-2,AI-006,EU AI Act Art. 50(2) [binding],supported-no-impact,FACT-AI-006;RULE-L-50-2,"Draft reading for Legal review: Art. 50(2) places this duty on providers (""Providers shall ensure ...""). SYSTEMS records provider_role=no and POLICY records a licensed third-party supplier product that Quillhaven did not develop, commission or place on the market under its own name or trademark. The automation does not determine provider status; Legal confirms whether Quillhaven is the provider of this system. This row is not a finding that no transparency duty applies: the internal-policy rows for the same system are assessed separately.",People Operations,,,pending,RCIB-20261006T201200Z-c65d,L-50-2,binding-law,not-applicable-on-recorded-facts,,None for the system owner; Legal confirms or corrects the draft reading.,,,Legal,"Draft reading of the binding Article 50 text as of 2026-08-26 for AI-006 only. Actor role (provider/deployer), applicability and interpretation are for Legal to decide; not legal advice and not a compliance finding."
IMP-AI-006-L-50-3,AI-006,EU AI Act Art. 50(3) [binding],supported-no-impact,FACT-AI-006;RULE-L-50-3,Recorded function is 'text'; no source records emotion recognition or biometric categorisation.,People Operations,,,pending,RCIB-20261006T201200Z-c65d,L-50-3,binding-law,not-applicable-on-recorded-facts,,None for the system owner; Legal confirms or corrects the draft reading.,,,Legal,"Draft reading of the binding Article 50 text as of 2026-08-26 for AI-006 only. Actor role (provider/deployer), applicability and interpretation are for Legal to decide; not legal advice and not a compliance finding."
IMP-AI-006-L-50-4-DF,AI-006,EU AI Act Art. 50(4) first subpara. (deep fake) [binding],supported-no-impact,FACT-AI-006;RULE-L-50-4-DF,"Recorded output_type 'text' is not generated image, audio or video.",People Operations,,,pending,RCIB-20261006T201200Z-c65d,L-50-4-DF,binding-law,not-applicable-on-recorded-facts,,None for the system owner; Legal confirms or corrects the draft reading.,,,Legal,"Draft reading of the binding Article 50 text as of 2026-08-26 for AI-006 only. Actor role (provider/deployer), applicability and interpretation are for Legal to decide; not legal advice and not a compliance finding."
IMP-AI-006-L-50-4-TXT,AI-006,EU AI Act Art. 50(4) second subpara. (public-interest text) [binding],supported-no-impact,EXT-POLICY-BLK-2baa4238;FACT-AI-006;RULE-L-50-4-TXT,POLICY records that the generated text is not published to inform the public on matters of public interest.,People Operations,,,pending,RCIB-20261006T201200Z-c65d,L-50-4-TXT,binding-law,not-applicable-on-recorded-facts,,None for the system owner; Legal confirms or corrects the draft reading.,,,Legal,"Draft reading of the binding Article 50 text as of 2026-08-26 for AI-006 only. Actor role (provider/deployer), applicability and interpretation are for Legal to decide; not legal advice and not a compliance finding."
IMP-AI-006-POL-T1,AI-006,"AI-POL Learner and public transparency, bullet 1 (interaction notice) [internal policy]",supported-no-impact,FACT-AI-006;POLCTL-POL-T1,Recorded output_type 'text' is not direct interaction.,People Operations,,,pending,RCIB-20261006T201200Z-c65d,POL-T1,internal-policy,not-applicable-on-recorded-facts,,None for the system owner; Legal confirms or corrects the draft reading.,,,Legal,Draft internal-policy reading as of 2026-08-26 for AI-006 only; Legal owns policy interpretation boundaries; not a compliance finding.
IMP-AI-006-POL-T2-PROV,AI-006,"AI-POL Learner and public transparency, bullet 2 (machine-readable provenance) [internal policy]",supported-no-impact,FACT-AI-006;POLCTL-POL-T2-PROV,"Not public synthetic media (output_type=text, exposed_group=staff).",People Operations,,,pending,RCIB-20261006T201200Z-c65d,POL-T2-PROV,internal-policy,not-applicable-on-recorded-facts,,None for the system owner; Legal confirms or corrects the draft reading.,,,Legal,Draft internal-policy reading as of 2026-08-26 for AI-006 only; Legal owns policy interpretation boundaries; not a compliance finding.
IMP-AI-006-POL-T2-LABEL,AI-006,"AI-POL Learner and public transparency, bullet 2 (visible label unless Legal-approved exception) [internal policy]",supported-no-impact,FACT-AI-006;POLCTL-POL-T2-LABEL,"Not public synthetic media (output_type=text, exposed_group=staff).",People Operations,,,pending,RCIB-20261006T201200Z-c65d,POL-T2-LABEL,internal-policy,not-applicable-on-recorded-facts,,None for the system owner; Legal confirms or corrects the draft reading.,,,Legal,Draft internal-policy reading as of 2026-08-26 for AI-006 only; Legal owns policy interpretation boundaries; not a compliance finding.
IMP-AI-006-POL-T3,AI-006,"AI-POL Learner and public transparency, bullet 3 (staff-only tool output route) [internal policy]",supported-impact,EXT-EVIDENCE-REC-007;FACT-AI-006;POLCTL-POL-T3;REC-007,SYSTEMS records a text-generation tool used by staff (exposed group staff). Control evidenced by REC-007 (complete): Tool is restricted to staff workspace.,People Operations,,,pending,RCIB-20261006T201200Z-c65d,POL-T3,internal-policy,applies-on-recorded-facts,evidenced,None for the control; Legal confirms the draft reading.,,,Legal,Draft internal-policy reading as of 2026-08-26 for AI-006 only; Legal owns policy interpretation boundaries; not a compliance finding.
IMP-AI-007-L-50-1,AI-007,EU AI Act Art. 50(1) [binding],supported-no-impact,FACT-AI-007;RULE-L-50-1,"Draft reading for Legal review: Art. 50(1) places this duty on providers (""Providers shall ensure ...""). SYSTEMS records provider_role=no and POLICY records a licensed third-party supplier product that Quillhaven did not develop, commission or place on the market under its own name or trademark. The automation does not determine provider status; Legal confirms whether Quillhaven is the provider of this system. This row is not a finding that no transparency duty applies: the internal-policy rows for the same system are assessed separately.",Marketing,,,pending,RCIB-20261006T201200Z-c65d,L-50-1,binding-law,not-applicable-on-recorded-facts,,None for the system owner; Legal confirms or corrects the draft reading.,,,Legal,"Draft reading of the binding Article 50 text as of 2026-08-26 for AI-007 only. Actor role (provider/deployer), applicability and interpretation are for Legal to decide; not legal advice and not a compliance finding."
IMP-AI-007-L-50-2,AI-007,EU AI Act Art. 50(2) [binding],supported-no-impact,FACT-AI-007;RULE-L-50-2,"Draft reading for Legal review: Art. 50(2) places this duty on providers (""Providers shall ensure ...""). SYSTEMS records provider_role=no and POLICY records a licensed third-party supplier product that Quillhaven did not develop, commission or place on the market under its own name or trademark. The automation does not determine provider status; Legal confirms whether Quillhaven is the provider of this system. This row is not a finding that no transparency duty applies: the internal-policy rows for the same system are assessed separately.",Marketing,,,pending,RCIB-20261006T201200Z-c65d,L-50-2,binding-law,not-applicable-on-recorded-facts,,None for the system owner; Legal confirms or corrects the draft reading.,,,Legal,"Draft reading of the binding Article 50 text as of 2026-08-26 for AI-007 only. Actor role (provider/deployer), applicability and interpretation are for Legal to decide; not legal advice and not a compliance finding."
IMP-AI-007-L-50-3,AI-007,EU AI Act Art. 50(3) [binding],supported-no-impact,FACT-AI-007;RULE-L-50-3,Recorded function is 'direct_interaction'; no source records emotion recognition or biometric categorisation.,Marketing,,,pending,RCIB-20261006T201200Z-c65d,L-50-3,binding-law,not-applicable-on-recorded-facts,,None for the system owner; Legal confirms or corrects the draft reading.,,,Legal,"Draft reading of the binding Article 50 text as of 2026-08-26 for AI-007 only. Actor role (provider/deployer), applicability and interpretation are for Legal to decide; not legal advice and not a compliance finding."
IMP-AI-007-L-50-4-DF,AI-007,EU AI Act Art. 50(4) first subpara. (deep fake) [binding],supported-no-impact,FACT-AI-007;RULE-L-50-4-DF,"Recorded output_type 'direct_interaction' is not generated image, audio or video.",Marketing,,,pending,RCIB-20261006T201200Z-c65d,L-50-4-DF,binding-law,not-applicable-on-recorded-facts,,None for the system owner; Legal confirms or corrects the draft reading.,,,Legal,"Draft reading of the binding Article 50 text as of 2026-08-26 for AI-007 only. Actor role (provider/deployer), applicability and interpretation are for Legal to decide; not legal advice and not a compliance finding."
IMP-AI-007-L-50-4-TXT,AI-007,EU AI Act Art. 50(4) second subpara. (public-interest text) [binding],supported-no-impact,FACT-AI-007;RULE-L-50-4-TXT,Recorded output_type 'direct_interaction' is not text published by the deployer.,Marketing,,,pending,RCIB-20261006T201200Z-c65d,L-50-4-TXT,binding-law,not-applicable-on-recorded-facts,,None for the system owner; Legal confirms or corrects the draft reading.,,,Legal,"Draft reading of the binding Article 50 text as of 2026-08-26 for AI-007 only. Actor role (provider/deployer), applicability and interpretation are for Legal to decide; not legal advice and not a compliance finding."
IMP-AI-007-POL-T1,AI-007,"AI-POL Learner and public transparency, bullet 1 (interaction notice) [internal policy]",conflicting,CONF-REC-008;EXT-EVIDENCE-REC-008;FACT-AI-007;POLCTL-POL-T1;REC-008,SYSTEMS records direct interaction with public. Evidence for this rule conflicts (D-001): REC-008 (conflicting): Owner says a banner exists but the current capture shows none. Both facts are preserved; the item remains unresolved pending system-owner verification and is not decided by the automation.,Marketing,ACT-002: Resolve disclosure evidence conflict,2026-09-03,pending,RCIB-20261006T201200Z-c65d,POL-T1,internal-policy,applies-on-recorded-facts,contested,System owner (Marketing) verifies the contested fact using avatar-page-capture and updates EVIDENCE/SYSTEMS.,ACT-002,Marketing,Operations,Draft internal-policy reading as of 2026-08-26 for AI-007 only; Legal owns policy interpretation boundaries; not a compliance finding.
IMP-AI-007-POL-T2-PROV,AI-007,"AI-POL Learner and public transparency, bullet 2 (machine-readable provenance) [internal policy]",supported-no-impact,FACT-AI-007;POLCTL-POL-T2-PROV,"Not public synthetic media (output_type=direct_interaction, exposed_group=public).",Marketing,,,pending,RCIB-20261006T201200Z-c65d,POL-T2-PROV,internal-policy,not-applicable-on-recorded-facts,,None for the system owner; Legal confirms or corrects the draft reading.,,,Legal,Draft internal-policy reading as of 2026-08-26 for AI-007 only; Legal owns policy interpretation boundaries; not a compliance finding.
IMP-AI-007-POL-T2-LABEL,AI-007,"AI-POL Learner and public transparency, bullet 2 (visible label unless Legal-approved exception) [internal policy]",supported-no-impact,FACT-AI-007;POLCTL-POL-T2-LABEL,"Not public synthetic media (output_type=direct_interaction, exposed_group=public).",Marketing,,,pending,RCIB-20261006T201200Z-c65d,POL-T2-LABEL,internal-policy,not-applicable-on-recorded-facts,,None for the system owner; Legal confirms or corrects the draft reading.,,,Legal,Draft internal-policy reading as of 2026-08-26 for AI-007 only; Legal owns policy interpretation boundaries; not a compliance finding.
IMP-AI-007-POL-T3,AI-007,"AI-POL Learner and public transparency, bullet 3 (staff-only tool output route) [internal policy]",supported-no-impact,FACT-AI-007;POLCTL-POL-T3,Recorded output_type 'direct_interaction' is not a staff text-drafting tool.,Marketing,,,pending,RCIB-20261006T201200Z-c65d,POL-T3,internal-policy,not-applicable-on-recorded-facts,,None for the system owner; Legal confirms or corrects the draft reading.,,,Legal,Draft internal-policy reading as of 2026-08-26 for AI-007 only; Legal owns policy interpretation boundaries; not a compliance finding.
IMP-AI-008-L-50-1,AI-008,EU AI Act Art. 50(1) [binding],supported-no-impact,FACT-AI-008;RULE-L-50-1,Recorded output_type 'synthetic_audio_video' is not direct interaction.,Communications,,,pending,RCIB-20261006T201200Z-c65d,L-50-1,binding-law,not-applicable-on-recorded-facts,,None for the system owner; Legal confirms or corrects the draft reading.,,,Legal,"Draft reading of the binding Article 50 text as of 2026-08-26 for AI-008 only. Actor role (provider/deployer), applicability and interpretation are for Legal to decide; not legal advice and not a compliance finding."
IMP-AI-008-L-50-2,AI-008,EU AI Act Art. 50(2) [binding],supported-no-impact,FACT-AI-008;RULE-L-50-2,"Draft reading for Legal review: Art. 50(2) places this duty on providers (""Providers shall ensure ...""). SYSTEMS records provider_role=no and POLICY records a licensed third-party supplier product that Quillhaven did not develop, commission or place on the market under its own name or trademark. The automation does not determine provider status; Legal confirms whether Quillhaven is the provider of this system. This row is not a finding that no transparency duty applies: the internal-policy rows for the same system are assessed separately.",Communications,,,pending,RCIB-20261006T201200Z-c65d,L-50-2,binding-law,not-applicable-on-recorded-facts,,None for the system owner; Legal confirms or corrects the draft reading.,,,Legal,"Draft reading of the binding Article 50 text as of 2026-08-26 for AI-008 only. Actor role (provider/deployer), applicability and interpretation are for Legal to decide; not legal advice and not a compliance finding."
IMP-AI-008-L-50-3,AI-008,EU AI Act Art. 50(3) [binding],supported-no-impact,FACT-AI-008;RULE-L-50-3,Recorded function is 'synthetic_audio_video'; no source records emotion recognition or biometric categorisation.,Communications,,,pending,RCIB-20261006T201200Z-c65d,L-50-3,binding-law,not-applicable-on-recorded-facts,,None for the system owner; Legal confirms or corrects the draft reading.,,,Legal,"Draft reading of the binding Article 50 text as of 2026-08-26 for AI-008 only. Actor role (provider/deployer), applicability and interpretation are for Legal to decide; not legal advice and not a compliance finding."
IMP-AI-008-L-50-4-DF,AI-008,EU AI Act Art. 50(4) first subpara. (deep fake) [binding],unresolved,EXT-EVIDENCE-REC-009;EXT-EVIDENCE-REC-010;EXT-POLICY-BLK-a46fd543;FACT-AI-008;GAP-REC-009;GAP-REC-010;REC-009;REC-010;RULE-L-50-4-DF,"POLICY records that the content shows real people, could be mistaken for an authentic recording and is not an evidently artistic or fictional work. Evidence for this rule is incomplete: REC-009 (partial): Visible label verified but machine-readable provenance not checked [record also names provenance-marking; its single recorded state is applied to each rule it names and is not split by the automation]; REC-010 (missing): No Legal approval or expiry date recorded.",Communications,ACT-007: Review exception request,2026-09-15,pending,RCIB-20261006T201200Z-c65d,L-50-4-DF,binding-law,applies-on-recorded-facts,"evidence missing, partial","Communications supplies current, complete evidence; Legal decides the exception request.",ACT-007,Legal,Legal,"Draft reading of the binding Article 50 text as of 2026-08-26 for AI-008 only. Actor role (provider/deployer), applicability and interpretation are for Legal to decide; not legal advice and not a compliance finding."
IMP-AI-008-L-50-4-TXT,AI-008,EU AI Act Art. 50(4) second subpara. (public-interest text) [binding],supported-no-impact,FACT-AI-008;RULE-L-50-4-TXT,Recorded output_type 'synthetic_audio_video' is not text published by the deployer.,Communications,,,pending,RCIB-20261006T201200Z-c65d,L-50-4-TXT,binding-law,not-applicable-on-recorded-facts,,None for the system owner; Legal confirms or corrects the draft reading.,,,Legal,"Draft reading of the binding Article 50 text as of 2026-08-26 for AI-008 only. Actor role (provider/deployer), applicability and interpretation are for Legal to decide; not legal advice and not a compliance finding."
IMP-AI-008-POL-T1,AI-008,"AI-POL Learner and public transparency, bullet 1 (interaction notice) [internal policy]",supported-no-impact,FACT-AI-008;POLCTL-POL-T1,Recorded output_type 'synthetic_audio_video' is not direct interaction.,Communications,,,pending,RCIB-20261006T201200Z-c65d,POL-T1,internal-policy,not-applicable-on-recorded-facts,,None for the system owner; Legal confirms or corrects the draft reading.,,,Legal,Draft internal-policy reading as of 2026-08-26 for AI-008 only; Legal owns policy interpretation boundaries; not a compliance finding.
IMP-AI-008-POL-T2-PROV,AI-008,"AI-POL Learner and public transparency, bullet 2 (machine-readable provenance) [internal policy]",unresolved,EXT-EVIDENCE-REC-009;FACT-AI-008;GAP-REC-009;POLCTL-POL-T2-PROV;REC-009,"SYSTEMS records public synthetic media (synthetic_audio_video, exposed_group=public). Evidence for this rule is incomplete: REC-009 (partial): Visible label verified but machine-readable provenance not checked [record also names visible-label-disclosure; its single recorded state is applied to each rule it names and is not split by the automation].",Communications,ACT-006: Complete provenance test,2026-09-09,pending,RCIB-20261006T201200Z-c65d,POL-T2-PROV,internal-policy,applies-on-recorded-facts,evidence partial,"Communications supplies current, complete evidence.",ACT-006,Communications,Operations,Draft internal-policy reading as of 2026-08-26 for AI-008 only; Legal owns policy interpretation boundaries; not a compliance finding.
IMP-AI-008-POL-T2-LABEL,AI-008,"AI-POL Learner and public transparency, bullet 2 (visible label unless Legal-approved exception) [internal policy]",unresolved,EXT-EVIDENCE-REC-009;EXT-EVIDENCE-REC-010;FACT-AI-008;GAP-REC-009;GAP-REC-010;POLCTL-POL-T2-LABEL;REC-009;REC-010,"SYSTEMS records public synthetic media (synthetic_audio_video, exposed_group=public). Evidence for this rule is incomplete: REC-009 (partial): Visible label verified but machine-readable provenance not checked [record also names provenance-marking; its single recorded state is applied to each rule it names and is not split by the automation]; REC-010 (missing): No Legal approval or expiry date recorded.",Communications,ACT-007: Review exception request,2026-09-15,pending,RCIB-20261006T201200Z-c65d,POL-T2-LABEL,internal-policy,applies-on-recorded-facts,"evidence missing, partial","Communications supplies current, complete evidence; Legal decides the exception request.",ACT-007,Legal,Legal,Draft internal-policy reading as of 2026-08-26 for AI-008 only; Legal owns policy interpretation boundaries; not a compliance finding.
IMP-AI-008-POL-T3,AI-008,"AI-POL Learner and public transparency, bullet 3 (staff-only tool output route) [internal policy]",supported-no-impact,FACT-AI-008;POLCTL-POL-T3,Recorded output_type 'synthetic_audio_video' is not a staff text-drafting tool.,Communications,,,pending,RCIB-20261006T201200Z-c65d,POL-T3,internal-policy,not-applicable-on-recorded-facts,,None for the system owner; Legal confirms or corrects the draft reading.,,,Legal,Draft internal-policy reading as of 2026-08-26 for AI-008 only; Legal owns policy interpretation boundaries; not a compliance finding.
